{
    "support": [
        1.13048,
        1.13014,
        1.1292,
        1.12927,
        1.12919,
        1.12924,
        1.12943,
        1.12953,
        1.12918,
        1.12784,
        1.12752,
        1.12799,
        1.12842,
        1.1286,
        1.12698,
        1.127,
        1.12731,
        1.12697,
        1.12697,
        1.1265,
        1.12602,
        1.12541,
        1.12344
    ],
    "resistance": [
        1.13076,
        1.13076,
        1.13048,
        1.12975,
        1.12967,
        1.12981,
        1.12989,
        1.13018,
        1.12975,
        1.1286,
        1.1286,
        1.12899,
        1.12893,
        1.12898,
        1.12764,
        1.12776,
        1.12807,
        1.12736,
        1.12717,
        1.12645,
        1.1262699999999999
    ],
    "bullish_order_blocks": [
        1.13048,
        1.13056,
        1.1301700000000001,
        1.12926,
        1.12931,
        1.12925,
        1.12924,
        1.12936,
        1.12965,
        1.12926,
        1.12784,
        1.1276,
        1.12752,
        1.12802,
        1.12799,
        1.12842,
        1.12699,
        1.12714,
        1.12727,
        1.1273900000000001,
        1.1271200000000001,
        1.12697,
        1.12661,
        1.12544,
        1.12353
    ],
    "bearish_order_blocks": [
        1.13076,
        1.13076,
        1.13047,
        1.12975,
        1.12948,
        1.12967,
        1.12953,
        1.12969,
        1.13018,
        1.12938,
        1.12886,
        1.12789,
        1.1286,
        1.1286,
        1.12899,
        1.12897,
        1.12748,
        1.12764,
        1.12769,
        1.12793,
        1.12776,
        1.12732,
        1.12717,
        1.1262699999999999
    ],
    "equal_highs": [
        1.13125,
        1.13071,
        1.13076,
        1.1307,
        1.13076,
        1.13047,
        1.12965,
        1.12975,
        1.1296,
        1.12967,
        1.12953,
        1.12963,
        1.12981,
        1.13018,
        1.12942,
        1.12938,
        1.12929,
        1.1284,
        1.1286,
        1.12841,
        1.1289500000000001,
        1.12899,
        1.12889,
        1.12897,
        1.12898,
        1.12748,
        1.12764,
        1.12769,
        1.12807,
        1.12784,
        1.12776,
        1.12774,
        1.12732,
        1.12637,
        1.12645
    ],
    "equal_lows": [
        1.13048,
        1.13055,
        1.13056,
        1.13049,
        1.13014,
        1.1301700000000001,
        1.13009,
        1.12926,
        1.12931,
        1.12925,
        1.12933,
        1.12936,
        1.12959,
        1.12953,
        1.12988,
        1.12942,
        1.12926,
        1.12925,
        1.12859,
        1.12849,
        1.1276,
        1.12755,
        1.12752,
        1.12798,
        1.12802,
        1.12808,
        1.12842,
        1.12868,
        1.12869,
        1.12699,
        1.12698,
        1.1273900000000001,
        1.12746,
        1.12697,
        1.12706,
        1.12602,
        1.12605,
        1.12544,
        1.12547,
        1.12353
    ],
    "trendlines": [
        {
            "start": 1.13086,
            "end": 1.12453
        },
        {
            "start": 1.13128,
            "end": 1.12511
        }
    ],
    "imbalances": []
}